Workbook
Name heater_efficiency: 'Pool Energy Use Calculator'!$C$32
Name Monthsperyear: 'pump assumptions & calcs'!$C$34
Name poolcover: 'Pool Energy Use Calculator'!$C$28
Name turnovers: 'pump assumptions & calcs'!$C$40

Sheet Pool Energy Use Calculator
B2: Pool Energy Use Calculator for LEED for Homes Single-family Projects
B3: This calculator is only designed to assist LEED for Homes projects with estimating pool heating and pump energy use for the purposes of EA Annual Energy Use, and is not
B4: intended to be used as a prediction for project teams or manufacturers.
B5: *Note that this calculator is currently in draft format. Projects may email homestechnical@gbci.org to request project-specific approval to use this calculator
B6: in advance of formal approval of the calculator. When this calculator is finalized, projects are expected to use the final published version.
B7: PROJECT DETAILS
B9: Project location:
B11: Project climate zone:
B13: Pool surface area (sqft):
B15: Pool volume (gallons):
B17: Expected pool use (months/yr): | C17: not sure (use default) | D17: =IF(C9="","",IF(C17="not sure (use default)"," default estimate for this location: "&Monthsperyear&" months/yr",""))
B23: POOL HEATING ENERGY USE
F25: Estimated Pool Heating Energy Use:
B26: Type of pool heater: | C26: Gas / Propane
F27: =IF(C9="","",IF(C26="Gas / propane",ROUNDDOWN('htg assumptions & calcs'!C7,-1),ROUNDDOWN('htg assumptions & calcs'!C8,-2))) | G27: =IF(C26="Gas / Propane","MBTU/year","kWh/year") -> MBTU/year | H27: =IF(C26="Heat pump","("&ROUNDDOWN('htg assumptions & calcs'!C7,1)&" MBTU/yr)","")
B28: Is a pool cover installed? | C28: not sure (use default)
B30: Expected setpoint: | C30: not sure (use default)
B32: Pool heater efficiency: | C32: 0.8 | D32: =IF(C26="Gas / Propane","Et (input as decimal)","COP") -> Et (input as decimal)
B38: POOL PUMP ENERGY USE
F40: Estimated Pool Pump Energy Use:
B41: Pump nameplate HP
F42: =IF(C9="","",ROUNDDOWN(C15*'pump assumptions & calcs'!C40/(C49*1000)*(30.4*Monthsperyear),-2)) | G42: kWh/year
B43: Is the pump ENERGY STAR labeled? | C43: No
B45: Single-speed or variable speed? | C45: not sure (use default)
B47: Turnovers per day? | C47: not sure (use default) | D47: =IF(C9="","",IF(C47="not sure (use default)"," default estimate for this location: "&turnovers&" turnovers/day",""))
B49: Pump energy factor (kgallons/kWh) | C49: =IF(C41="","",'pump assumptions & calcs'!C29) | D49: The energy factor is calculated automatically based on the characteristics of the pump, but it can be over-written by the user.
D50: If an ENERGY STAR pump is installed, the product-specific energy factor can be found here:
D51: https://www.energystar.gov/productfinder/product/certified-pool-pumps/results
B56: Published by GBCI, December, 2023

Sheet pump assumptions & calcs
B3: Conventional (single speed) pump
E4: Nameplate Horsepower
E5: 3 | F5: 2.5 | G5: 2 | H5: 1.5 | I5: 1
B6: Curve C - Energy Factor (Gal/Wh) | E6: 1.9986894 | F6: 2.1812026 | G6: 2.2990493 | H6: 2.2676708 | I6: 2.5131761
B7: Curve C - Flow (GPM) | E7: 101.66667 | F7: 93.091 | G7: 88.666667 | H7: 78.142857 | I7: 75.5
B9: Variable-speed pump
E10: Nameplate Horsepower at High Speed
E11: 1.65 hhp (3 HP) | F11: 1.25 hhp (2.5 HP) | G11: 1.18 hhp (2 HP) | H11: 0.95 hhp (1.65 HP) | I11: 0.72 hhp (1-1.4 HP)
E12: 3 | F12: 2.5 | G12: 2 | H12: 1.5 | I12: 1
B13: Curve C - Weighted Energy Factor (Gal/Wh) | E13: 7.1 | F13: 7.4 | G13: 9.3 | H13: 8.9 | I13: 8.7
B14: Curve C - High Flow (GPM) | E14: 102 | F14: 90 | G14: 89.714286 | H14: 78 | I14: 70
B15: Curve C - Low Energy Factor (Gal/Wh) | E15: 6.0714286 | F15: 5.9565217 | G15: 6.4985881 | H15: 6.7090726 | I15: 6.7787115
B16: Curve C - Low Flow (GPM) | E16: 51 | F16: 45.666667 | G16: 44.75 | H16: 41.75 | I16: 40.333333
B17: Source: ENERGY STAR Pool Pump Calculator (https://www.energystar.gov/productfinder/downloads/Pool_Pump_Calculator_2020.05.05_FINAL.xlsx)
B19: pump type (dropdown menu)
B20: not sure (use default)
B21: single-speed
B22: variable-speed
B25: Pump energy factor (kgallons/kWh)
B26: Nameplate HP | C26: ='Pool Energy Use Calculator'!C41 -> 0
B27: ENERGY STAR? | C27: ='Pool Energy Use Calculator'!C43 -> No
B28: pump type: | C28: =IF('Pool Energy Use Calculator'!C45=B20,IF(C27="no","single-speed","variable-speed"),'Pool Energy Use Calculator'!C45) -> single-speed
B29: pump energy factor: | C29: =IF(C28=B21,HLOOKUP(C26,E5:I6,2,FALSE),IF(C28=B22,HLOOKUP(C26,E12:I13,2,FALSE))) -> #N/A | D29: (gallons/Wh)
B31: Estimated pool use (months/year)
B32: user input: | C32: ='Pool Energy Use Calculator'!C17 -> not sure (use default)
B33: default | C33: =VLOOKUP(E33,B45:E95,3,FALSE) -> #N/A | D33: for | E33: ='Pool Energy Use Calculator'!C9 -> 0
B34: estimated use (mo/yr): | C34: =IF('Pool Energy Use Calculator'!C17="not sure (use default)",C33,'Pool Energy Use Calculator'!C17) -> #N/A
B37: Pump Turnover
B38: user input: | C38: ='Pool Energy Use Calculator'!C47 -> not sure (use default)
B39: default | C39: =VLOOKUP(E33,B45:E95,4,FALSE) -> #N/A | D39: for | E39: ='Pool Energy Use Calculator'!C9 -> 0
B40: estimated turnover: | C40: =IF('Pool Energy Use Calculator'!C47="not sure (use default)",C39,'Pool Energy Use Calculator'!C47) -> #N/A
B44: State | C44: Climate | D44: Use (months/yr) | E44: Turnovers per day
B45: Alabama | C45: Warm | D45: 12 | E45: =IF(C45="warm",1,2) -> 1
B46: Alaska | C46: Cool | D46: 5 | E46: =IF(C46="warm",1,2) -> 2
B47: Arizona | C47: Warm | D47: 12 | E47: =IF(C47="warm",1,2) -> 1
B48: Arkansas | C48: Warm | D48: 12 | E48: =IF(C48="warm",1,2) -> 1
B49: California | C49: Warm | D49: 12 | E49: =IF(C49="warm",1,2) -> 1
B50: Colorado | C50: Warm | D50: 4 | E50: =IF(C50="warm",1,2) -> 1
B51: Connecticut | C51: Cool | D51: 4 | E51: =IF(C51="warm",1,2) -> 2
B52: Delaware | C52: Cool | D52: 5 | E52: =IF(C52="warm",1,2) -> 2
B53: District of Columbia | C53: Cool | D53: 5 | E53: =IF(C53="warm",1,2) -> 2
B54: Florida | C54: Warm | D54: 12 | E54: =IF(C54="warm",1,2) -> 1
B55: Georgia | C55: Warm | D55: 7 | E55: =IF(C55="warm",1,2) -> 1
B56: Hawaii | C56: Warm | D56: 12 | E56: =IF(C56="warm",1,2) -> 1
... B95: Wyoming | C95: Cool | D95: 4 | E95: =IF(C95="warm",1,2) -> 2
B96: Source: ENERGY STAR Pool Pump Calculator (https://www.energystar.gov/productfinder/downloads/Pool_Pump_Calculator_2020.05.05_FINAL.xlsx)

Sheet htg assumptions & calcs
B2: Calculated Pool Energy Use (back-end)
B4: MBTU/sqft/month: | C4: =IF('Pool Energy Use Calculator'!C26="Gas / Propane",IF(poolcover="yes",M34,M33),IF(poolcover="yes",U34,U33)) -> #N/A
B5: MBTU/month: | C5: =C4*'Pool Energy Use Calculator'!C13 -> #N/A
B6: MBTU/year load | C6: =Monthsperyear*C5 -> #N/A
B7: MBTU/year energy use (w/ eff) | C7: =C6/heater_efficiency -> #N/A
B8: kWh/yr energy use | C8: =C7*293.071 -> #N/A
B18: DATA USED IN CALCULATIONS (based on DOE)
M19: GAS OR PROPANE | Q19: HEAT PUMP | U19: HEAT PUMP
E20: Typical Months | M20: ENERGY USE | Q20: ENERGY USE | U20: ENERGY USE
B21: COVER? | C21: CLIMATE ZONE | D21: Notes | M21: (MBTU/sqft/month) @ 100% | Q21: (kWh/sqft/month) @ 1 COP | U21: (MBTU/sqft/month) @ 1 COP
M22: 78° | N22: 80° | O22: 82° | Q22: 78° | R22: 80° | S22: 82° | U22: 78° | V22: 80° | W22: 82°
B23: no cover | C23: 1 | E23: 12 | M23: =M53 -> 0.017798171 | N23: =N53 -> 0.023730895 | O23: =O53 -> 0.029996917 | Q23: =Q53 -> 4.7995004 | R23: =R53 -> 6.370246 | S23: =S53 -> 8.0500711 | U23: =Q23/293.071 -> 0.016376579 | V23: =R23/293.071 -> 0.021736187 | W23: =S23/293.071 -> 0.027467989
B24: no cover | C24: 2 | E24: 8 | M24: =M55 -> 0.017298222 | N24: =N55 -> 0.022197719 | O24: =O55 -> 0.027697154 | Q24: =Q55 -> 4.4504458 | R24: =R55 -> 5.7266766 | S24: =S55 -> 7.1338028 | U24: =Q24/293.071 -> 0.015185555 | V24: =R24/293.071 -> 0.019540236 | W24: =S24/293.071 -> 0.024341552
B25: no cover | C25: 3A | D25: avg Dallas & Atlanta | E25: 7 | M25: =AVERAGE(M57,M59) -> 0.022969068 | N25: =AVERAGE(N57,N59) -> 0.029768369 | O25: =AVERAGE(O57,O59) -> 0.038110369 | Q25: =AVERAGE(Q57,Q59) -> 5.9837927 | R25: =AVERAGE(R57,R59) -> 7.7789305 | S25: =AVERAGE(S57,S59) -> 9.9667547 | U25: =Q25/293.071 -> 0.020417553 | V25: =R25/293.071 -> 0.026542819 | W25: =S25/293.071 -> 0.034007987
B26: no cover | C26: 3B | E26: 6 | M26: =M59 -> 0.024340356 | N26: =N59 -> 0.032110986 | O26: =O59 -> 0.04113863 | Q26: =Q59 -> 6.2829823 | R26: =R59 -> 8.3025124 | S26: =S59 -> 10.658631 | U26: =Q26/293.071 -> 0.021438431 | V26: =R26/293.071 -> 0.028329355 | W26: =S26/293.071 -> 0.036368766
B27: no cover | C27: 3C | D27: use Los Angeles data - San Francisco is not typical | E27: 6 | M27: =M61 -> 0.031063474 | N27: =N61 -> 0.039595931 | O27: =O61 -> 0.048395027 | Q27: =Q61 -> 8.2900461 | R27: =R61 -> 10.558901 | S27: =S61 -> 12.958651 | U27: =Q27/293.071 -> 0.028286818 | V27: =R27/293.071 -> 0.036028474 | W27: =S27/293.071 -> 0.044216763
B28: no cover | C28: 4 | D28: avg Kansas City, New York, Seattle | E28: 6 | M28: =AVERAGE(M65,M67,M69) -> 0.034560893 | N28: =AVERAGE(N65,N67,N69) -> 0.042911146 | O28: =AVERAGE(O65,O67,O69) -> 0.051976881 | Q28: =AVERAGE(Q65,Q67,Q69) -> 9.142321 | R28: =AVERAGE(R65,R67,R69) -> 11.358818 | S28: =AVERAGE(S65,S67,S69) -> 13.726571 | U28: =Q28/293.071 -> 0.031194902 | V28: =R28/293.071 -> 0.038757904 | W28: =S28/293.071 -> 0.046837016
B29: no cover | C29: 5 | D29: avg Chicago, Denver, Boston | E29: 4 | M29: =AVERAGE(M71,M73,M75) -> 0.039710919 | N29: =AVERAGE(N71,N73,N75) -> 0.048941637 | O29: =AVERAGE(O71,O73,O75) -> 0.05858398 | Q29: =AVERAGE(Q71,Q73,Q75) -> 10.462911 | R29: =AVERAGE(R71,R73,R75) -> 12.906293 | S29: =AVERAGE(S71,S73,S75) -> 15.450028 | U29: =Q29/293.071 -> 0.035700942 | V29: =R29/293.071 -> 0.04403811 | W29: =S29/293.071 -> 0.052717697
B30: no cover | C30: 6 | D30: avg CZ 5 and CZ 7 (no data) | E30: 4 | M30: =AVERAGE(M29,M31) -> 0.03649125 | N30: =AVERAGE(N29,N31) -> 0.046668538 | O30: =AVERAGE(O29,O31) -> 0.056489195 | Q30: =AVERAGE(Q29,Q31) -> 9.5510058 | R30: =AVERAGE(R29,R31) -> 12.016204 | S30: =AVERAGE(S29,S31) -> 14.531578 | U30: =Q30/293.071 -> 0.032589392 | V30: =R30/293.071 -> 0.041000999 | W30: =S30/293.071 -> 0.049583815
B31: no cover | C31: 7 | E31: 4 | M31: =M77 -> 0.033271581 | N31: =N77 -> 0.044395438 | O31: =O77 -> 0.05439441 | Q31: =Q77 -> 8.6391007 | R31: =R77 -> 11.126115 | S31: =S77 -> 13.613128 | U31: =Q31/293.071 -> 0.029477842 | V31: =R31/293.071 -> 0.037963888 | W31: =S31/293.071 -> 0.046449933
M32: =LOOKUP('Pool Energy Use Calculator'!$C$11,$C23:$C31,M23:M31) -> #N/A | N32: =LOOKUP('Pool Energy Use Calculator'!$C$11,$C23:$C31,N23:N31) -> #N/A | O32: =LOOKUP('Pool Energy Use Calculator'!$C$11,$C23:$C31,O23:O31) -> #N/A | Q32: =LOOKUP('Pool Energy Use Calculator'!$C$11,$C23:$C31,Q23:Q31) -> #N/A | R32: =LOOKUP('Pool Energy Use Calculator'!$C$11,$C23:$C31,R23:R31) -> #N/A | S32: =LOOKUP('Pool Energy Use Calculator'!$C$11,$C23:$C31,S23:S31) -> #N/A | U32: =LOOKUP('Pool Energy Use Calculator'!$C$11,$C23:$C31,U23:U31) -> #N/A | V32: =LOOKUP('Pool Energy Use Calculator'!$C$11,$C23:$C31,V23:V31) -> #N/A | W32: =LOOKUP('Pool Energy Use Calculator'!$C$11,$C23:$C31,W23:W31) -> #N/A
K33: LOOKUP W/ NO COVER --> | M33: =IF('Pool Energy Use Calculator'!C30="not sure (use default)",M32,IF('Pool Energy Use Calculator'!C30=78,M32,IF('Pool Energy Use Calculator'!C30=80,N32,IF('Pool Energy Use Calculator'!C30=82,O32)))) -> #N/A | Q33: =U33*293.071 -> #N/A | U33: =IF('Pool Energy Use Calculator'!C30="not sure (use default)",U32,IF('Pool Energy Use Calculator'!C30=78,U32,IF('Pool Energy Use Calculator'!C30=80,V32,IF('Pool Energy Use Calculator'!C30=82,W32)))) -> #N/A
K34: LOOKUP W/ COVER --> | M34: =IF('Pool Energy Use Calculator'!C30="not sure (use default)",M35,IF('Pool Energy Use Calculator'!C30=78,M35,IF('Pool Energy Use Calculator'!C30=80,N35,IF('Pool Energy Use Calculator'!C30=82,O35)))) -> #N/A | U34: =IF('Pool Energy Use Calculator'!C30="not sure (use default)",U35,IF('Pool Energy Use Calculator'!C30=78,U35,IF('Pool Energy Use Calculator'!C30=80,V35,IF('Pool Energy Use Calculator'!C30=82,W35)))) -> #N/A
E35: =LOOKUP('Pool Energy Use Calculator'!$C$11,$C36:$C44,E36:E44) -> #N/A | F35: <== LOOKUP DEFAULT # OF MONTHS | M35: =LOOKUP('Pool Energy Use Calculator'!$C$11,$C36:$C44,M36:M44) -> #N/A | N35: =LOOKUP('Pool Energy Use Calculator'!$C$11,$C36:$C44,N36:N44) -> #N/A | O35: =LOOKUP('Pool Energy Use Calculator'!$C$11,$C36:$C44,O36:O44) -> #N/A | Q35: =LOOKUP('Pool Energy Use Calculator'!$C$11,$C36:$C44,Q36:Q44) -> #N/A | R35: =LOOKUP('Pool Energy Use Calculator'!$C$11,$C36:$C44,R36:R44) -> #N/A | S35: =LOOKUP('Pool Energy Use Calculator'!$C$11,$C36:$C44,S36:S44) -> #N/A | U35: =LOOKUP('Pool Energy Use Calculator'!$C$11,$C36:$C44,U36:U44) -> #N/A | V35: =LOOKUP('Pool Energy Use Calculator'!$C$11,$C36:$C44,V36:V44) -> #N/A | W35: =LOOKUP('Pool Energy Use Calculator'!$C$11,$C36:$C44,W36:W44) -> #N/A
B36: cover | C36: 1 | E36: 12 | M36: =M54 -> 0.0034663105 | N36: =N54 -> 0.0048661666 | O36: =O54 -> 0.0066659817 | Q36: =Q54 -> 0.93808417 | R36: =R54 -> 1.3089547 | S36: =S54 -> 1.7889047 | U36: =Q36/293.071 -> 0.0032008768 | V36: =R36/293.071 -> 0.0044663397 | W36: =S36/293.071 -> 0.0061039976
B37: cover | C37: 2 | E37: 8 | M37: =M56 -> 0.0011998767 | N37: =N56 -> 0.0020997842 | O37: =O56 -> 0.0031996712 | Q37: =Q56 -> 0.2945148 | R37: =R56 -> 0.55630573 | S37: =S56 -> 0.81809666 | U37: =Q37/293.071 -> 0.0010049264 | V37: =R37/293.071 -> 0.0018981944 | W37: =S37/293.071 -> 0.0027914623
B38: cover | C38: 3A | D38: avg Dallas & Atlanta | E38: 7 | M38: =AVERAGE(M58,M60) -> 0.0035996301 | N38: =AVERAGE(N58,N60) -> 0.0050280547 | O38: =AVERAGE(O58,O60) -> 0.0071421232 | Q38: =AVERAGE(Q58,Q60) -> 0.91626826 | R38: =AVERAGE(R58,R60) -> 1.2902553 | S38: =AVERAGE(S58,S60) -> 1.8512359 | U38: =Q38/293.071 -> 0.0031264378 | V38: =R38/293.071 -> 0.0044025349 | W38: =S38/293.071 -> 0.0063166805
B39: cover | C39: 3B | E39: 6 | M39: =M60 -> 0.0045709588 | N39: =N60 -> 0.0060565205 | O39: =O60 -> 0.0084562739 | Q39: =Q60 -> 1.1593598 | R39: =R60 -> 1.5333469 | S39: =S60 -> 2.1691248 | U39: =Q39/293.071 -> 0.0039559009 | V39: =R39/293.071 -> 0.005231998 | W39: =S39/293.071 -> 0.007401363
B40: cover | C40: 3C | D40: use Los Angeles data - San Francisco is not typical | E40: 6 | M40: =M62 -> 0.0027997123 | N40: =N62 -> 0.0050661461 | O40: =O62 -> 0.0078658583 | Q40: =Q62 -> 0.74174097 | R40: =R62 -> 1.3525865 | S40: =S62 -> 2.0943274 | U40: =Q40/293.071 -> 0.0025309258 | V40: =R40/293.071 -> 0.0046152177 | W40: =S40/293.071 -> 0.0071461436
B41: cover | C41: 4 | D41: avg Kansas City, New York, Seattle | E41: 6 | M41: =AVERAGE(M66,M68,M70) -> 0.0063637905 | N41: =AVERAGE(N66,N68,N70) -> 0.0089946312 | O41: =AVERAGE(O66,O68,O70) -> 0.011821007 | Q41: =AVERAGE(Q66,Q68,Q70) -> 1.660918 | R41: =AVERAGE(R66,R68,R70) -> 2.3706623 | S41: =AVERAGE(S66,S68,S70) -> 3.1124033 | U41: =Q41/293.071 -> 0.0056672889 | V41: =R41/293.071 -> 0.0080890375 | W41: =S41/293.071 -> 0.010619963
B42: cover | C42: 5 | D42: avg Chicago, Denver, Boston | E42: 4 | M42: =AVERAGE(M72,M74,M76) -> 0.0043978814 | N42: =AVERAGE(N72,N74,N76) -> 0.0061060392 | O42: =AVERAGE(O72,O74,O76) -> 0.0084258008 | Q42: =AVERAGE(Q72,Q74,Q76) -> 1.1955119 | R42: =AVERAGE(R72,R74,R76) -> 1.6798251 | S42: =AVERAGE(S72,S74,S76) -> 2.3604816 | U42: =Q42/293.071 -> 0.004079257 | V42: =R42/293.071 -> 0.0057318027 | W42: =S42/293.071 -> 0.0080542993
B43: cover | C43: 6 | D43: avg CZ 5 and CZ 7 (no data) | E43: 4 | M43: =AVERAGE(M42,M44) -> 0.0045986941 | N43: =AVERAGE(N42,N44) -> 0.0061527011 | O43: =AVERAGE(O42,O44) -> 0.0090124072 | Q43: =AVERAGE(Q42,Q44) -> 1.2522333 | R43: =AVERAGE(R42,R44) -> 1.6580092 | S43: =AVERAGE(S42,S44) -> 2.4237477 | U43: =Q43/293.071 -> 0.0042727983 | V43: =R43/293.071 -> 0.0056573637 | W43: =S43/293.071 -> 0.0082701724
B44: cover | C44: 7 | E44: 4 | M44: =M78 -> 0.0047995068 | N44: =N78 -> 0.0061993629 | O44: =O78 -> 0.0095990136 | Q44: =Q78 -> 1.3089547 | R44: =R78 -> 1.6361933 | S44: =S78 -> 2.4870138 | U44: =Q44/293.071 -> 0.0044663397 | V44: =R44/293.071 -> 0.0055829247 | W44: =S44/293.071 -> 0.0084860455
B48: RAW DATA from DOE
F49: ENERGY COSTS | M49: GAS OR PROPANE | Q49: HEAT PUMP | U49: HEAT PUMP
E50: Months | G50: GAS OR PROPANE | J50: HEAT PUMP | M50: ENERGY USE | Q50: ENERGY USE | U50: ENERGY USE
B51: LOCATION | C51: CLIMATE ZONE | D51: SEASON | G51: TEMPERATURE | J51: TEMPERATURE | M51: (MBTU/sqft/month) @ 100% | Q51: (kWh/sqft/month) @ 1 COP | U51: (MBTU/sqft/month) @ 1 COP
F52: 78° | G52: 80° | H52: 82° | I52: 78° | J52: 80° | K52: 82° | M52: 78° | N52: 80° | O52: 82° | Q52: 78° | R52: 80° | S52: 82° | U52: 78° | V52: 80° | W52: 82°
B53: MIAMI | C53: 1A | D53: 1/1–12/31 | E53: 12 | F53: 2910.001 | G53: 3880.0013 | H53: 4904.496 | I53: 1498.596 | J53: 1989.0456 | K53: 2513.5542 | M53: =F53/1.09/1000*0.8/10/$E53 -> 0.017798171 | N53: =G53/1.09/1000*0.8/10/$E53 -> 0.023730895 | O53: =H53/1.09/1000*0.8/10/$E53 -> 0.029996917 | Q53: =I53/0.1301/1000*5/$E53 -> 4.7995004 | R53: =J53/0.1301/1000*5/$E53 -> 6.370246 | S53: =K53/0.1301/1000*5/$E53 -> 8.0500711 | U53: =Q53/293 -> 0.016380547 | V53: =R53/293 -> 0.021741454 | W53: =S53/293 -> 0.027474645
B54: W/COVER | C54: 1A W/COVER | D54: 1/1–12/31 | E54: 12 | F54: 566.74176 | G54: 795.61824 | H54: 1089.888 | I54: 292.9074 | J54: 408.708 | K54: 558.5676 | M54: =F54/1.09/1000*0.8/10/$E54 -> 0.0034663105 | N54: =G54/1.09/1000*0.8/10/$E54 -> 0.0048661666 | O54: =H54/1.09/1000*0.8/10/$E54 -> 0.0066659817 | Q54: =I54/0.1301/1000*5/$E54 -> 0.93808417 | R54: =J54/0.1301/1000*5/$E54 -> 1.3089547 | S54: =K54/0.1301/1000*5/$E54 -> 1.7889047 | U54: =Q54/293 -> 0.0032016524 | V54: =R54/293 -> 0.004467422 | W54: =S54/293 -> 0.0061054768
B55: PHOENIX | C55: 2B | D55: 3/1–10/31 | E55: 8 | F55: 1885.5062 | G55: 2419.5514 | H55: 3018.9898 | I55: 926.4048 | J55: 1192.065 | K55: 1484.9724 | M55: =F55/1.09/1000*0.8/10/$E55 -> 0.017298222 | N55: =G55/1.09/1000*0.8/10/$E55 -> 0.022197719 | O55: =H55/1.09/1000*0.8/10/$E55 -> 0.027697154 | Q55: =I55/0.1301/1000*5/$E55 -> 4.4504458 | R55: =J55/0.1301/1000*5/$E55 -> 5.7266766 | S55: =K55/0.1301/1000*5/$E55 -> 7.1338028 | U55: =Q55/293 -> 0.015189235 | V55: =R55/293 -> 0.019544971 | W55: =S55/293 -> 0.02434745
B56: W/ COVER | C56: 2B W/COVER | D56: 3/1–10/31 | E56: 8 | F56: 130.78656 | G56: 228.87648 | H56: 348.76416 | I56: 61.3062 | J56: 115.8006 | K56: 170.295 | M56: =F56/1.09/1000*0.8/10/$E56 -> 0.0011998767 | N56: =G56/1.09/1000*0.8/10/$E56 -> 0.0020997842 | O56: =H56/1.09/1000*0.8/10/$E56 -> 0.0031996712 | Q56: =I56/0.1301/1000*5/$E56 -> 0.2945148 | R56: =J56/0.1301/1000*5/$E56 -> 0.55630573 | S56: =K56/0.1301/1000*5/$E56 -> 0.81809666 | U56: =Q56/293 -> 0.00100517 | V56: =R56/293 -> 0.0018986544 | W56: =S56/293 -> 0.0027921388
B57: DALLAS | C57: 3A | D57: 4/1–10/31 | E57: 7 | F57: 2059.8883 | G57: 2615.7312 | H57: 3345.9562 | I57: 1035.3936 | J57: 1321.4892 | K57: 1689.3264 | M57: =F57/1.09/1000*0.8/10/$E57 -> 0.021597781 | N57: =G57/1.09/1000*0.8/10/$E57 -> 0.027425753 | O57: =H57/1.09/1000*0.8/10/$E57 -> 0.035082109 | Q57: =I57/0.1301/1000*5/$E57 -> 5.6846031 | R57: =J57/0.1301/1000*5/$E57 -> 7.2553486 | S57: =K57/0.1301/1000*5/$E57 -> 9.2748787 | U57: =Q57/293 -> 0.019401376 | V57: =R57/293 -> 0.024762282 | W57: =S57/293 -> 0.031654876
B58: W/ COVER | C58: 3A W/COVER | D58: 4/1–10/31 | E58: 7 | F58: 250.67424 | G58: 381.4608 | H58: 555.84288 | I58: 122.6124 | J58: 190.7304 | K58: 279.2838 | M58: =F58/1.09/1000*0.8/10/$E58 -> 0.0026283013 | N58: =G58/1.09/1000*0.8/10/$E58 -> 0.003999589 | O58: =H58/1.09/1000*0.8/10/$E58 -> 0.0058279725 | Q58: =I58/0.1301/1000*5/$E58 -> 0.67317668 | R58: =J58/0.1301/1000*5/$E58 -> 1.0471637 | S58: =K58/0.1301/1000*5/$E58 -> 1.5333469 | U58: =Q58/293 -> 0.0022975313 | V58: =R58/293 -> 0.0035739376 | W58: =S58/293 -> 0.0052332658
B59: ATLANTA | C59: 3A | D59: 4/1–10/31 | E59: 7 | F59: 2321.4614 | G59: 3062.5853 | H59: 3923.5968 | I59: 1144.3824 | J59: 1512.2196 | K59: 1941.363 | M59: =F59/1.09/1000*0.8/10/$E59 -> 0.024340356 | N59: =G59/1.09/1000*0.8/10/$E59 -> 0.032110986 | O59: =H59/1.09/1000*0.8/10/$E59 -> 0.04113863 | Q59: =I59/0.1301/1000*5/$E59 -> 6.2829823 | R59: =J59/0.1301/1000*5/$E59 -> 8.3025124 | S59: =K59/0.1301/1000*5/$E59 -> 10.658631 | U59: =Q59/293 -> 0.021443626 | V59: =R59/293 -> 0.02833622 | W59: =S59/293 -> 0.036377579
B60: W/ COVER | C60: 3A W/COVER | D60: 4/1–10/31 | E60: 7 | F60: 435.9552 | G60: 577.64064 | H60: 806.51712 | I60: 211.1658 | J60: 279.2838 | K60: 395.0844 | M60: =F60/1.09/1000*0.8/10/$E60 -> 0.0045709588 | N60: =G60/1.09/1000*0.8/10/$E60 -> 0.0060565205 | O60: =H60/1.09/1000*0.8/10/$E60 -> 0.0084562739 | Q60: =I60/0.1301/1000*5/$E60 -> 1.1593598 | R60: =J60/0.1301/1000*5/$E60 -> 1.5333469 | S60: =K60/0.1301/1000*5/$E60 -> 2.1691248 | U60: =Q60/293 -> 0.0039568595 | V60: =R60/293 -> 0.0052332658 | W60: =S60/293 -> 0.0074031565
B61: LOS ANGELES | C61: 3B | D61: 5/1–10/31 | E61: 6 | F61: 2539.439 | G61: 3236.9674 | H61: 3956.2934 | I61: 1294.242 | J61: 1648.4556 | K61: 2023.1046 | M61: =F61/1.09/1000*0.8/10/$E61 -> 0.031063474 | N61: =G61/1.09/1000*0.8/10/$E61 -> 0.039595931 | O61: =H61/1.09/1000*0.8/10/$E61 -> 0.048395027 | Q61: =I61/0.1301/1000*5/$E61 -> 8.2900461 | R61: =J61/0.1301/1000*5/$E61 -> 10.558901 | S61: =K61/0.1301/1000*5/$E61 -> 12.958651 | U61: =Q61/293 -> 0.028293673 | V61: =R61/293 -> 0.036037204 | W61: =S61/293 -> 0.044227478
B62: W/ COVER | C62: 3B W/COVER | D62: 5/1–10/31 | E62: 6 | F62: 228.87648 | G62: 414.15744 | H62: 643.03392 | I62: 115.8006 | J62: 211.1658 | K62: 326.9664 | M62: =F62/1.09/1000*0.8/10/$E62 -> 0.0027997123 | N62: =G62/1.09/1000*0.8/10/$E62 -> 0.0050661461 | O62: =H62/1.09/1000*0.8/10/$E62 -> 0.0078658583 | Q62: =I62/0.1301/1000*5/$E62 -> 0.74174097 | R62: =J62/0.1301/1000*5/$E62 -> 1.3525865 | S62: =K62/0.1301/1000*5/$E62 -> 2.0943274 | U62: =Q62/293 -> 0.0025315391 | V62: =R62/293 -> 0.0046163361 | W62: =S62/293 -> 0.0071478752
B63: SAN FRANCISCO | C63: 3C | D63: 6/1–8/31 | E63: 3 | F63: 2125.2816 | G63: 2528.5402 | H63: 2953.5965 | I63: 1089.888 | J63: 1294.242 | K63: 1512.2196 | M63: =F63/1.09/1000*0.8/10/$E63 -> 0.051994657 | N63: =G63/1.09/1000*0.8/10/$E63 -> 0.06186031 | O63: =H63/1.09/1000*0.8/10/$E63 -> 0.072259241 | Q63: =I63/0.1301/1000*5/$E63 -> 13.962183 | R63: =J63/0.1301/1000*5/$E63 -> 16.580092 | S63: =K63/0.1301/1000*5/$E63 -> 19.372529 | U63: =Q63/293 -> 0.047652501 | V63: =R63/293 -> 0.056587346 | W63: =S63/293 -> 0.066117846
B64: W/ COVER | C64: 3C W/COVER | D64: 6/1–8/31 | E64: 3 | F64: 261.57312 | G64: 435.9552 | H64: 643.03392 | I64: 129.4242 | J64: 224.7894 | K64: 326.9664 | M64: =F64/1.09/1000*0.8/10/$E64 -> 0.0063993424 | N64: =G64/1.09/1000*0.8/10/$E64 -> 0.010665571 | O64: =H64/1.09/1000*0.8/10/$E64 -> 0.015731717 | Q64: =I64/0.1301/1000*5/$E64 -> 1.6580092 | R64: =J64/0.1301/1000*5/$E64 -> 2.8797002 | S64: =K64/0.1301/1000*5/$E64 -> 4.1886549 | U64: =Q64/293 -> 0.0056587346 | V64: =R64/293 -> 0.0098283284 | W64: =S64/293 -> 0.01429575
... B76: W/ COVER | C76: 5B W/COVER | D76: 5/1–8/31 | E76: 4 | F76: 167.57028 | G76: 228.87648 | H76: 331.05348 | I76: 95.3652 | J76: 136.236 | K76: 204.354 | M76: =F76/1.09/1000*0.8/10/$E76 -> 0.003074684 | N76: =G76/1.09/1000*0.8/10/$E76 -> 0.0041995684 | O76: =H76/1.09/1000*0.8/10/$E76 -> 0.0060743758 | Q76: =I76/0.1301/1000*5/$E76 -> 0.91626826 | R76: =J76/0.1301/1000*5/$E76 -> 1.3089547 | S76: =K76/0.1301/1000*5/$E76 -> 1.963432 | U76: =Q76/293 -> 0.0031271954 | V76: =R76/293 -> 0.004467422 | W76: =S76/293 -> 0.006701133
B77: MINNEAPOLIS | C77: 7 | D77: 6/1–9/30 | E77: 4 | F77: 1813.3012 | G77: 2419.5514 | H77: 2964.4954 | I77: 899.1576 | J77: 1158.006 | K77: 1416.8544 | M77: =F77/1.09/1000*0.8/10/$E77 -> 0.033271581 | N77: =G77/1.09/1000*0.8/10/$E77 -> 0.044395438 | O77: =H77/1.09/1000*0.8/10/$E77 -> 0.05439441 | Q77: =I77/0.1301/1000*5/$E77 -> 8.6391007 | R77: =J77/0.1301/1000*5/$E77 -> 11.126115 | S77: =K77/0.1301/1000*5/$E77 -> 13.613128 | U77: =Q77/293 -> 0.029484985 | V77: =R77/293 -> 0.037973087 | W77: =S77/293 -> 0.046461189
B78: W/ COVER | C78: 7 W/COVER | D78: 6/1–9/30 | E78: 4 | F78: 261.57312 | G78: 337.86528 | H78: 523.14624 | I78: 136.236 | J78: 170.295 | K78: 258.8484 | M78: =F78/1.09/1000*0.8/10/$E78 -> 0.0047995068 | N78: =G78/1.09/1000*0.8/10/$E78 -> 0.0061993629 | O78: =H78/1.09/1000*0.8/10/$E78 -> 0.0095990136 | Q78: =I78/0.1301/1000*5/$E78 -> 1.3089547 | R78: =J78/0.1301/1000*5/$E78 -> 1.6361933 | S78: =K78/0.1301/1000*5/$E78 -> 2.4870138 | U78: =Q78/293 -> 0.004467422 | V78: =R78/293 -> 0.0055842775 | W78: =S78/293 -> 0.0084881018
B79: https://www.energy.gov/energysaver/heat-pump-swimming-pool-heaters | F79: *Figures based on a 1,000 square-foot, outdoor pool heated with an 80% efficient natural gas heater at $1.09 per therm and uncovered for 8 hours per day. | I79: *Figures based on a 1,000 square foot, outdoor pool heated with an air to water heat pump with an average COP of 5.0 at $0.1301/kwh.
B80: https://www.energy.gov/energysaver/gas-swimming-pool-heaters
