Workbook

Sheet Instructions
A1: Instructions — How to Use This Workbook
A3: 1) Open the Inputs_Calcs tab. In the header, enter: Project Name, Units, blended Electricity $/kWh, and (if applicable) Demand $/kW, Fixed $/mo, Billing Demand (kW), Months/Year.
A4: 2) Interior Lighting: enter areas (ft²) for each common-space row. LPDs auto-fill from Lookups_References. If space planning isn't final, use the 'MFOther (blended preset)' line as a placeholder, then replace with exact spaces later.
A5: 3) Parking Garage: enter garage area and confirm the Parking Garage LPD (defaults to a placeholder). Set hours, days, and a control factor. If the garage is mechanically ventilated, choose Yes and fill the simple fan W/ft², hours, and days.
A6: 4) EV Chargers: set Total Parking Spaces and the % EV Charger Spaces on the Parking Garage section; the EV section pulls those values automatically. Adjust kW/port and hours/day as needed.
A7: 5) Site Lighting: paste Installed Watts per category from NRCC-LTO. Adjust hours/day and control factor to match expected controls (e.g., photocell, motion bi-level).
A8: 6) Pools/Spas (if any): fill pump HP, efficiency, hours/days. Add heater inputs only if present (Electric or Gas).
A9: 7) Review the roll-up at the bottom of Inputs_Calcs and the client-facing Report_Client tab. Print or export Report_Client.
A10: 8) Lookups_References: holds the LPD table, rate shells, and citations. Update rates (blended $/kWh, demand $/kW, fixed $/mo) as needed and record the source & effective date.

Sheet Inputs_Calcs
A1: Inputs & Calculations — Multifamily Common Areas (Blended Rates)
A3: Project Name | B3: Ventura & 7th | D3: Units (count) | E3: 54 | G3: Electricity Rate ($/kWh) | H3: 0.22 | J3: Gas Rate ($/therm) | K3: 1.5 | M3: Billing Demand (kW) | N3: 0
G4: Demand $/kW | H4: 0 | J4: Fixed $/mo | K4: 0 | M4: Billing Months/Year | N4: 12
M5: Annual Demand $ | N5: =H4*N3*N4 -> 0
M6: Annual Fixed $ | N6: =K4*N4 -> 0
A8: DATA COLLECTION — Project Areas, Counts & Assumptions
A10: Areas by Type
A11: Area Type (matches lighting table) | B11: Area (ft²) | C11: Conditioned? (Yes/No) | D11: Ventilated? (Yes/No) | E11: Notes
A12: Corridor Area | B12: 7997.98 | C12: No | D12: Yes
A13: Stairwell | B13: 2474.9 | C13: No | D13: Yes
A14: Lobby, Main Entry | B14: 0 | C14: Yes | D14: Yes
A15: Lounge / Club Room | B15: 834.13 | C15: Yes | D15: Yes
A16: Exercise / Fitness | B16: 587.2 | C16: Yes | D16: Yes
A17: Office Area (> 250 ft²) | B17: 937.78 | C17: Yes | D17: Yes
A18: Office Area (≤ 250 ft²) | B18: 0 | C18: Yes | D18: Yes
A19: Restrooms (Common) | B19: 324.86 | C19: Yes | D19: Yes
A20: Laundry (Common) | B20: 610.88 | C20: Yes | D20: Yes
A21: Electrical/Mechanical/Telephone | B21: 3475.66 | C21: No | D21: Yes
A22: Storage – Warehouse | B22: 983.25 | C22: Yes | D22: Yes
A23: Kitchen / Food Prep | B23: 0 | C23: Yes | D23: Yes
A24: MFOther (blended preset) | B24: 0 | C24: Yes | D24: Yes | E24: Enter blended or non-blended not both
A25: Parking Garage | B25: 0 | C25: No | D25: Yes | E25: Enter this below in the Parking Garage inputs
A26: Blended Annual Rates — Electricity & Gas | B26: 0 | C26: Yes | D26: Yes | E26: Not developed yet
A27: Utility | B27: 0 | C27: Yes | D27: Yes
A28: PG&E | B28: 0 | C28: Yes | D28: Yes
A29: PG&E | B29: 0 | C29: Yes | D29: Yes
A30: PG&E | B30: 0 | C30: Yes | D30: Yes
A31: SCE | B31: 0 | C31: Yes | D31: Yes
A32: SCE | B32: 0 | C32: Yes | D32: Yes
A33: SCE | B33: 0 | C33: Yes | D33: Yes
A34: SDG&E | B34: 0 | C34: Yes | D34: Yes
A35: SDG&E | B35: 0 | C35: Yes | D35: Yes
A36: SDG&E | B36: 0 | C36: Yes | D36: Yes
A37: Other/Custom | B37: 0 | C37: Yes | D37: Yes
A38: Parking Garage | B38: 0 | C38: No | D38: Yes
A39: Surface Parking | B39: 0 | C39: No | D39: No
A41: Counts & Equipment
A42: # of Elevators | B42: 1
A43: Total Parking Spaces | B43: 82
A44: % EV Charger Spaces of Total | B44: 10
A45: Installed L2 Ports (override) | B45: 4
A46: Rated kW per EV Port | B46: 7.2
A47: Avg Use per EV Port (hours/day) | B47: 6
A48: # of Pools/Spas | B48: 0
A50: Site Lighting (NRCC-LTO) — Inputs
A51: Category / Location | B51: Installed Watts | C51: Hours/Day | D51: Days/Year | E51: Control Factor (0–1)
A52: Hardscape / Parking Areas | B52: 400 | C52: 13 | D52: 365 | E52: 0.6
A53: Walkways & Stairways (Exterior) | B53: 0 | C53: 11 | D53: 365 | E53: 0.6
A54: Driveways / Roadways | B54: 0 | C54: 11 | D54: 365 | E54: 0.6
A55: Building Facade | B55: 800 | C55: 6 | D55: 365 | E55: 1
A56: Entrance Canopies & Overhangs | B56: 0 | C56: 11 | D56: 365 | E56: 1
A57: Landscape / Accent | B57: 50 | C57: 6 | D57: 365 | E57: 1
A58: Outdoor Dining / Patio (if any) | B58: 0 | C58: 6 | D58: 365 | E58: 1
A60: Parking Garage — Data
A61: Parking Garage Area (ft²) | B61: 0
A62: Mechanically Ventilated? (Yes/No) | B62: No
A63: Vent Fan Power Density (W/ft²) | B63: 0.1
A64: Vent Hours/Day | B64: 12
A65: Vent Days/Year | B65: 365
A67: Pools / Spas — Data
A68: Heat Source (Gas/Electric/Heat Pump) | B68: None
A69: Pool Size (ft² surface area) | B69: 0
A70: Pump HP per Pool | B70: 1 | K70: 1 | L70: 1.5 | M70: 2 | N70: 2.5 | O70: 3 | P70: 3.5 | Q70: 4
A71: Heater Load Fraction (0–1) | B71: 0.5
A72: Heater Hours/Day | B72: 8
A73: Heater Days/Year | B73: 180
A74: Boiler Efficiency (0–1) | B74: 0.85
A75: HP Pool Heater COP | B75: 4
A76: Pump HP per Pool | B76: 2
A77: Pump Efficiency (0–1) | B77: 0.7
A78: Pump Hours/Day | B78: 12
A79: Pump Days/Year | B79: 365
A81: HVAC — Space Conditioning & Ventilation (Assumptions)
A82: Heating EUI (kWh/ft²·yr) — HP min-eff | B82: =INDEX(Lookups_References!$B$50:$B$54, MATCH("Heating EUI (kWh/ft²·yr) — HP min-eff", Lookups_References!$A$50:$A$54, 0)) -> 2
A83: Cooling EUI (kWh/ft²·yr) — HP min-eff | B83: =INDEX(Lookups_References!$B$50:$B$54, MATCH("Cooling EUI (kWh/ft²·yr) — HP min-eff", Lookups_References!$A$50:$A$54, 0)) -> 1.5
A84: Ventilation W/ft² (balanced const-speed) | B84: =INDEX(Lookups_References!$B$50:$B$54, MATCH("Ventilation W/ft² (balanced const-speed)", Lookups_References!$A$50:$A$54, 0)) -> 0.3
A85: Vent Hours/Day (constant) | B85: =INDEX(Lookups_References!$B$50:$B$54, MATCH("Vent Hours/Day (constant)", Lookups_References!$A$50:$A$54, 0)) -> 24
A86: Vent Days/Year | B86: =INDEX(Lookups_References!$B$50:$B$54, MATCH("Vent Days/Year", Lookups_References!$A$50:$A$54, 0)) -> 365
A87: Vent Hours/Day | B87: 12
A88: Vent Days/Year | B88: 365
A90: Interior Lighting — Calculations (LPD × Area × schedules × factors)
A91: Space Type (fixed) | B91: Area (ft²) | C91: LPD (W/ft²) | D91: Hours/Year | E91: Control Factor (0–1) | F91: Diversity (0–1) | G91: Connected kW | H91: kWh/yr | I91: $/yr
A92: Corridor Area | B92: =IFERROR(VLOOKUP(A92,$A$12:$B$39,2,FALSE),0) -> 7997.98 | C92: =IFERROR(VLOOKUP(A92,Lookups_References!$A$3:$B$200,2,FALSE),"") -> 0.4 | D92: 4380 | E92: 0.8 | F92: 0.9 | G92: =B92*C92/1000 -> 3.199192 | H92: =G92*D92*E92*F92 -> 10088.972 | I92: =H92*$H$3 -> 2219.5738
A93: Stairwell | B93: =IFERROR(VLOOKUP(A93,$A$12:$B$39,2,FALSE),0) -> 2474.9 | C93: =IFERROR(VLOOKUP(A93,Lookups_References!$A$3:$B$200,2,FALSE),"") -> 0.6 | D93: 8760 | E93: 0.8 | F93: 1 | G93: =B93*C93/1000 -> 1.48494 | H93: =G93*D93*E93*F93 -> 10406.46 | I93: =H93*$H$3 -> 2289.4211
A94: Lobby, Main Entry | B94: =IFERROR(VLOOKUP(A94,$A$12:$B$39,2,FALSE),0) -> 0 | C94: =IFERROR(VLOOKUP(A94,Lookups_References!$A$3:$B$200,2,FALSE),"") -> 0.7 | D94: 4380 | E94: 0.8 | F94: 1 | G94: =B94*C94/1000 -> 0 | H94: =G94*D94*E94*F94 -> 0 | I94: =H94*$H$3 -> 0
A95: Lounge / Club Room | B95: =IFERROR(VLOOKUP(A95,$A$12:$B$39,2,FALSE),0) -> 834.13 | C95: =IFERROR(VLOOKUP(A95,Lookups_References!$A$3:$B$200,2,FALSE),"") -> 0.55 | D95: 3000 | E95: 0.8 | F95: 1 | G95: =B95*C95/1000 -> 0.4587715 | H95: =G95*D95*E95*F95 -> 1101.0516 | I95: =H95*$H$3 -> 242.23135
A96: Exercise / Fitness | B96: =IFERROR(VLOOKUP(A96,$A$12:$B$39,2,FALSE),0) -> 587.2 | C96: =IFERROR(VLOOKUP(A96,Lookups_References!$A$3:$B$200,2,FALSE),"") -> 0.5 | D96: 3500 | E96: 0.8 | F96: 1 | G96: =B96*C96/1000 -> 0.2936 | H96: =G96*D96*E96*F96 -> 822.08 | I96: =H96*$H$3 -> 180.8576
A97: Office Area (> 250 ft²) | B97: =IFERROR(VLOOKUP(A97,$A$12:$B$39,2,FALSE),0) -> 937.78 | C97: =IFERROR(VLOOKUP(A97,Lookups_References!$A$3:$B$200,2,FALSE),"") -> 0.6 | D97: 3000 | E97: 0.8 | F97: 1 | G97: =B97*C97/1000 -> 0.562668 | H97: =G97*D97*E97*F97 -> 1350.4032 | I97: =H97*$H$3 -> 297.0887
A98: Office Area (≤ 250 ft²) | B98: =IFERROR(VLOOKUP(A98,$A$12:$B$39,2,FALSE),0) -> 0 | C98: =IFERROR(VLOOKUP(A98,Lookups_References!$A$3:$B$200,2,FALSE),"") -> 0.65 | D98: 3000 | E98: 0.8 | F98: 1 | G98: =B98*C98/1000 -> 0 | H98: =G98*D98*E98*F98 -> 0 | I98: =H98*$H$3 -> 0
A99: Restrooms (Common) | B99: =IFERROR(VLOOKUP(A99,$A$12:$B$39,2,FALSE),0) -> 324.86 | C99: =IFERROR(VLOOKUP(A99,Lookups_References!$A$3:$B$200,2,FALSE),"") -> 0.65 | D99: 4380 | E99: 0.8 | F99: 1 | G99: =B99*C99/1000 -> 0.211159 | H99: =G99*D99*E99*F99 -> 739.90114 | I99: =H99*$H$3 -> 162.77825
A100: Laundry (Common) | B100: =IFERROR(VLOOKUP(A100,$A$12:$B$39,2,FALSE),0) -> 610.88 | C100: =IFERROR(VLOOKUP(A100,Lookups_References!$A$3:$B$200,2,FALSE),"") -> 0.45 | D100: 3000 | E100: 0.8 | F100: 1 | G100: =B100*C100/1000 -> 0.274896 | H100: =G100*D100*E100*F100 -> 659.7504 | I100: =H100*$H$3 -> 145.14509
A101: Electrical/Mechanical/Telephone | B101: =IFERROR(VLOOKUP(A101,$A$12:$B$39,2,FALSE),0) -> 3475.66 | C101: =IFERROR(VLOOKUP(A101,Lookups_References!$A$3:$B$200,2,FALSE),"") -> 0.4 | D101: 3000 | E101: 0.8 | F101: 1 | G101: =B101*C101/1000 -> 1.390264 | H101: =G101*D101*E101*F101 -> 3336.6336 | I101: =H101*$H$3 -> 734.05939
A102: Storage – Warehouse | B102: =IFERROR(VLOOKUP(A102,$A$12:$B$39,2,FALSE),0) -> 983.25 | C102: =IFERROR(VLOOKUP(A102,Lookups_References!$A$3:$B$200,2,FALSE),"") -> 0.4 | D102: 3000 | E102: 0.8 | F102: 1 | G102: =B102*C102/1000 -> 0.3933 | H102: =G102*D102*E102*F102 -> 943.92 | I102: =H102*$H$3 -> 207.6624
A103: Kitchen / Food Prep | B103: =IFERROR(VLOOKUP(A103,$A$12:$B$39,2,FALSE),0) -> 0 | C103: =IFERROR(VLOOKUP(A103,Lookups_References!$A$3:$B$200,2,FALSE),"") -> 0.95 | D103: 3500 | E103: 0.8 | F103: 1 | G103: =B103*C103/1000 -> 0 | H103: =G103*D103*E103*F103 -> 0 | I103: =H103*$H$3 -> 0
... A106: Blended Annual Rates — Electricity & Gas | B106: =IFERROR(VLOOKUP(A106,$A$12:$B$39,2,FALSE),0) -> 0 | C106: =IFERROR(VLOOKUP(A106,Lookups_References!$A$3:$B$200,2,FALSE),"") -> 0 | D106: 3000 | E106: 0.8 | F106: 1 | G106: =B106*C106/1000 -> 0 | H106: =G106*D106*E106*F106 -> 0 | I106: =H106*$H$3 -> 0
A107: Utility | B107: =IFERROR(VLOOKUP(A107,$A$12:$B$39,2,FALSE),0) -> 0 | C107: =IFERROR(VLOOKUP(A107,Lookups_References!$A$3:$B$200,2,FALSE),"") -> Class (kW range) | D107: 3000 | E107: 0.8 | F107: 1 | G107: =IFERROR(B107*C107/1000,0) -> 0 | H107: =G107*D107*E107*F107 -> 0 | I107: =H107*$H$3 -> 0
A108: PG&E | B108: =IFERROR(VLOOKUP(A108,$A$12:$B$39,2,FALSE),0) -> 0 | C108: =IFERROR(VLOOKUP(A108,Lookups_References!$A$3:$B$200,2,FALSE),"") -> Small (≤20 kW) | D108: 3000 | E108: 0.8 | F108: 1 | G108: =IFERROR(B108*C108/1000,0) -> 0 | H108: =G108*D108*E108*F108 -> 0 | I108: =H108*$H$3 -> 0
A109: PG&E | B109: =IFERROR(VLOOKUP(A109,$A$12:$B$39,2,FALSE),0) -> 0 | C109: =IFERROR(VLOOKUP(A109,Lookups_References!$A$3:$B$200,2,FALSE),"") -> Small (≤20 kW) | D109: 3000 | E109: 0.8 | F109: 1 | G109: =IFERROR(B109*C109/1000,0) -> 0 | H109: =G109*D109*E109*F109 -> 0 | I109: =H109*$H$3 -> 0
A110: PG&E | B110: =IFERROR(VLOOKUP(A110,$A$12:$B$39,2,FALSE),0) -> 0 | C110: =IFERROR(VLOOKUP(A110,Lookups_References!$A$3:$B$200,2,FALSE),"") -> Small (≤20 kW) | D110: 3000 | E110: 0.8 | F110: 1 | G110: =IFERROR(B110*C110/1000,0) -> 0 | H110: =G110*D110*E110*F110 -> 0 | I110: =H110*$H$3 -> 0
A111: SCE | B111: =IFERROR(VLOOKUP(A111,$A$12:$B$39,2,FALSE),0) -> 0 | C111: =IFERROR(VLOOKUP(A111,Lookups_References!$A$3:$B$200,2,FALSE),"") -> Small (≤20 kW) | D111: 3000 | E111: 0.8 | F111: 1 | G111: =IFERROR(B111*C111/1000,0) -> 0 | H111: =G111*D111*E111*F111 -> 0 | I111: =H111*$H$3 -> 0
...

Sheet Definitions
A1: Definitions — Technical Terms & Inputs
A3: Term | B3: Definition / How Used
A4: LPD (Lighting Power Density, W/ft²) | B4: Watts of installed lighting per square foot. Used with area to compute connected kW: kW = Area × LPD / 1000.
A5: Control Factor (0–1) | B5: Represents average reduction from controls (e.g., occupancy/bi-level). 0.60 means 40% average reduction vs. full power.
A6: Diversity Factor (0–1) | B6: Represents non-simultaneous operation across a group. Commonly 0.90 for corridors; 1.00 otherwise.
A7: Blended Electricity Rate ($/kWh) | B7: Single average energy charge used across all kWh; excludes demand/fixed which are added separately.
A8: Demand Charge ($/kW) | B8: Monthly charge per billing kW; annual demand $ = $/kW × billing kW × months.
A9: Fixed Charge ($/mo) | B9: Monthly customer charge; annual fixed $ = $/mo × months.
A10: Hours/Day; Days/Year | B10: Operating schedule inputs used to derive annual hours.
A11: MFOther (blended preset) | B11: Temporary common-area lighting category with a blended LPD used before exact occupancy definitions are finalized.
A12: Mechanically Ventilated (Parking) | B12: Yes/No toggle. If Yes, ventilation energy is computed from fan W/ft², area, and hours.
A13: Installed Watts (Site Lighting) | B13: Total connected exterior lighting watts by category from NRCC-LTO prescriptive calculations.
A14: EV Charger % of Parking | B14: Percent of total parking spaces equipped with EV charging; used to estimate # of ports or spaces.

Sheet Lookups_References
A1: Lighting Power Densities — Title 24 (2022) Table 140.6-C (Common MF Spaces)
A2: Space Type | B2: LPD (W/ft²) | C2: Notes
A3: Corridor Area | B3: 0.4 | C3: Standard corridors
A4: Stairwell | B4: 0.6 | C4: Common stairwells
A5: Lobby, Main Entry | B5: 0.7 | C5: Entry lobby
A6: Lounge / Club Room | B6: 0.55 | C6: Amenity lounge/club room
A7: Exercise / Fitness | B7: 0.5 | C7: Fitness room/gym
A8: Office Area (> 250 ft²) | B8: 0.6 | C8: Leasing office
A9: Office Area (≤ 250 ft²) | B9: 0.65 | C9: Small office
A10: Restrooms (Common) | B10: 0.65
A11: Laundry (Common) | B11: 0.45
A12: Electrical/Mechanical/Telephone | B12: 0.4
A13: Storage – Warehouse | B13: 0.4
A14: Kitchen / Food Prep | B14: 0.95 | C14: Clubhouse kitchen
A15: MFOther (blended preset) | B15: 0.55 | C15: Use before occupancy definitions are finalized; replace with specific spaces later.
A16: Parking Garage | B16: 0.3 | C16: Placeholder LPD; edit per design / local code interpretation.
A17: Blended Annual Rates — Electricity & Gas
A18: Utility | B18: Class (kW range) | C18: Energy $/kWh | D18: Demand $/kW | E18: Fixed $/mo | F18: Tariff Code | G18: Effective Date | H18: Source / Notes
A19: PG&E | B19: Small (≤20 kW) | C19: 0.34 | D19: 0 | E19: 15 | F19: B-1 (Small General Service TOU) | G19: 2025-08 (planning default) | H19: Planning default; confirm latest PG&E tariff for project.
A20: PG&E | B20: Medium (20–200 kW) | C20: 0.27 | D20: 23 | E20: 150 | F20: E-19 / B-19 (verify) | G20: 2025-08 (planning default) | H20: Planning default; verify actual tariff selection and demand components.
A21: PG&E | B21: Large (>200 kW) | C21: 0.24 | D21: 28 | E21: 300 | F21: E-20 (verify) | G21: 2025-08 (planning default) | H21: Planning default; verify ratchets / transmission demand.
A22: SCE | B22: Small (≤20 kW) | C22: 0.28 | D22: 0 | E22: 16 | F22: TOU-GS-1 | G22: 2025-08 (planning default) | H22: Planning default for SCE GS-1.
A23: SCE | B23: Medium (20–200 kW) | C23: 0.24 | D23: 18 | E23: 100 | F23: TOU-GS-2 | G23: 2025-08 (planning default) | H23: Planning default for SCE GS-2 (demand).
A24: SCE | B24: Large (>200 kW) | C24: 0.22 | D24: 22 | E24: 150 | F24: TOU-GS-3 | G24: 2025-08 (planning default) | H24: Planning default for SCE GS-3 (demand).
A25: SDG&E | B25: Small (≤20 kW) | C25: 0.33 | D25: 0 | E25: 20 | F25: AL-TOU (Small) | G25: 2025-08 (planning default) | H25: Planning default for SDG&E AL-TOU small.
A26: SDG&E | B26: Medium (20–200 kW) | C26: 0.28 | D26: 20 | E26: 120 | F26: AL-TOU (Med) / AL-TOU2 | G26: 2025-08 (planning default) | H26: Planning default for SDG&E medium (demand).
A27: SDG&E | B27: Large (>200 kW) | C27: 0.26 | D27: 24 | E27: 180 | F27: AL-TOU (Large) / AL-TOU2 | G27: 2025-08 (planning default) | H27: Planning default for SDG&E large (demand).
A28: Other/Custom | B28: Any | C28: 0.3 | D28: 0 | E28: 0 | F28: Enter tariff | G28: 2025-08 (placeholder) | H28: Use for non-IOUs or custom blends.
A31: References & Sources (Traceability)
A32: Topic | B32: Reference / Source | C32: Notes (why/how used)
A33: LPD values | B33: CA Title 24, Part 6 (2022) — Table 140.6-C | C33: Used for interior common-area lighting power densities.
A34: Outdoor control schemes | B34: Title 24 §130.2 (Outdoor Lighting Controls) | C34: Default assumptions for hours/control; user can override.
A35: NRCC-LTO | B35: Nonresidential Certificate of Compliance (Outdoor Lighting) | C35: Installed Watts pasted into Site Lighting.
A36: DRE Budget mapping | B36: RE 623 Budget Worksheet (California DRE) | C36: Roll-up to 201 Electricity and 202 Gas for HOA budgets.
A37: Tariffs | B37: PG&E / SCE / SDG&E official rate sheets | C37: Enter blended annual $/kWh, demand $/kW, fixed $/mo.
A39: Pool Defaults | B39: Value
A40: Heater Load Factor (W/ft²) | B40: 10
A41: Heater Hours/Day | B41: 8
A42: Heater Days/Year | B42: 180
A43: Boiler Efficiency (0–1) | B43: 0.85
A44: Heat Pump COP | B44: 4
A45: Pump Efficiency (0–1) | B45: 0.7
A46: Pump Hours/Day | B46: 12
A47: Pump Days/Year | B47: 365
A49: HVAC Defaults | B49: Value
A50: Heating EUI (kWh/ft²·yr) — HP min-eff | B50: 2
A51: Cooling EUI (kWh/ft²·yr) — HP min-eff | B51: 1.5
A52: Ventilation W/ft² (balanced const-speed) | B52: 0.3
A53: Vent Hours/Day (constant) | B53: 24
A54: Vent Days/Year | B54: 365

Sheet Report_Client
B2: Solar Cost Offset Calculation
A4: Project: 9th and Linden
A5: Date: 9/19/2025 | C5: Show therms | D5: Show kBtu | E5: Show Cost | F5: Show Gas
B6: Yes | C6: Yes | D6: Yes | E6: Yes | F6: Yes
A7: Solar Cost Offset Calculation - provides an estimate of the common area energy loads by applying the overall energy consumption percentage of T24 to the total building footprint. Design Phase Estimate - actual energy consumption will vary based on real-world usage patterns and operational conditions.
A9: Energy Use and Cost by Category
A10: Category | B10: kWh/yr | C10: therms/yr | D10: kBtu/yr | E10: $/yr
A11: EV Chargers (L2) | B11: =IF($B$6="Yes", Inputs_Calcs!B253, "") -> 15768 | C11: =IF($C$6="Yes", 0, "") -> 0 | D11: =IF($D$6="Yes", N(B11)*3.412 + N(C11)*100, "") -> 53800.416 | E11: =IF($E$6="Yes", Inputs_Calcs!B254, "") -> 3468.96
A12: EV Charging — subtotal | B12: =IF(B11="",0,B11) -> 15768 | C12: =IF(C11="",0,C11) -> 0 | D12: =IF(D11="",0,D11) -> 53800.416 | E12: =IF(E11="",0,E11) -> 3468.96
A13: Lighting — Site | B13: =IF($B$6="Yes", Inputs_Calcs!B255, "") -> 3000.3 | C13: =IF($C$6="Yes", 0, "") -> 0 | D13: =IF($D$6="Yes", N(B13)*3.412 + N(C13)*100, "") -> 10237.024 | E13: =IF($E$6="Yes", Inputs_Calcs!B256, "") -> 660.066
A14: Parking — Lighting | B14: =IF($B$6="Yes", Inputs_Calcs!B157, "") -> 0 | C14: =IF($C$6="Yes", 0, "") -> 0 | D14: =IF($D$6="Yes", N(B14)*3.412 + N(C14)*100, "") -> 0 | E14: =IF($E$6="Yes", Inputs_Calcs!B257, "") -> 0
A15: Exterior Lighting — subtotal | B15: =IF(B16+B13+B14="",0,B16+B13+B14) -> 32449.471 | C15: =IF(C16+C13+C14="",0,C16+C13+C14) -> 0 | D15: =IF(D16+D13+D14="",0,D16+D13+D14) -> 110717.6 | E15: =IF(E16+E13+E14="",0,E16+E13+E14) -> 7138.8837
A16: Lighting — Interior | B16: =IF($B$6="Yes", Inputs_Calcs!B249, "") -> 29449.171 | C16: =IF($C$6="Yes", 0, "") -> 0 | D16: =IF($D$6="Yes", N(B16)*3.412 + N(C16)*100, "") -> 100480.57 | E16: =IF($E$6="Yes", Inputs_Calcs!B250, "") -> 6478.8177
A17: HVAC — Heating (HP) | B17: =IF($B$6="Yes", Inputs_Calcs!B236, "") -> 8556.2 | C17: =IF($C$6="Yes", 0, "") -> 0 | D17: =IF($D$6="Yes", N(B17)*3.412 + N(C17)*100, "") -> 29193.754 | E17: =IF($E$6="Yes", Inputs_Calcs!B265, "") -> 1882.364
A18: HVAC — Cooling | B18: =IF($B$6="Yes", Inputs_Calcs!B241, "") -> 6417.15 | C18: =IF($C$6="Yes", 0, "") -> 0 | D18: =IF($D$6="Yes", N(B18)*3.412 + N(C18)*100, "") -> 21895.316 | E18: =IF($E$6="Yes", Inputs_Calcs!B267, "") -> 1411.773
A19: HVAC — Ventilation | B19: =IF($B$6="Yes", Inputs_Calcs!B244, "") -> 47899.61 | C19: =IF($C$6="Yes", 0, "") -> 0 | D19: =IF($D$6="Yes", N(B19)*3.412 + N(C19)*100, "") -> 163433.47 | E19: =IF($E$6="Yes", Inputs_Calcs!B268, "") -> 10537.914
A20: DHW * | B20: =5200*1.03 -> 5356
A21: Modeled Energy Use | B21: =IF(B17+B18+B19="",0,B17+B18+B19) -> 62872.96 | C21: =IF(C17+C18+C19="",0,C17+C18+C19) -> 0 | D21: =IF(D17+D18+D19="",0,D17+D18+D19) -> 214522.54 | E21: =IF(E17+E18+E19="",0,E17+E18+E19) -> 13832.051
A22: Parking — Ventilation | B22: =IF($B$6="Yes", Inputs_Calcs!B164, "") -> 0 | C22: =IF($C$6="Yes", 0, "") -> 0 | D22: =IF($D$6="Yes", N(B22)*3.412 + N(C22)*100, "") -> 0 | E22: =IF($E$6="Yes", Inputs_Calcs!B258, "") -> 0
A23: Parking (Ventilation) — subtotal | B23: =IF(B22="",0,B22) -> 0 | C23: =IF(C22="",0,C22) -> 0 | D23: =IF(D22="",0,D22) -> 0 | E23: =IF(E22="",0,E22) -> 0
A24: Elevators | B24: =IF($B$6="Yes", Inputs_Calcs!B251, "") -> 16000 | C24: =IF($C$6="Yes", 0, "") -> 0 | D24: =IF($D$6="Yes", N(B24)*3.412 + N(C24)*100, "") -> 54592 | E24: =IF($E$6="Yes", Inputs_Calcs!B252, "") -> 3520
A25: Elevators — subtotal | B25: =IF(B24="",0,B24) -> 16000 | C25: =IF(C24="",0,C24) -> 0 | D25: =IF(D24="",0,D24) -> 54592 | E25: =IF(E24="",0,E24) -> 3520
A26: Pools — Pumps | B26: =IF($B$6="Yes", Inputs_Calcs!B259, "") -> 0 | C26: =IF($C$6="Yes", 0, "") -> 0 | D26: =IF($D$6="Yes", N(B26)*3.412 + N(C26)*100, "") -> 0 | E26: =IF($E$6="Yes", Inputs_Calcs!B260, "") -> 0
A27: Pools — Heater (Electric/HP) | B27: =IF($B$6="Yes", Inputs_Calcs!B261, "") -> 0 | C27: =IF($C$6="Yes", 0, "") -> 0 | D27: =IF($D$6="Yes", N(B27)*3.412 + N(C27)*100, "") -> 0 | E27: =IF($E$6="Yes", Inputs_Calcs!B263, "") -> 0
A28: Pools — Heater (Gas) | B28: =IF($B$6="Yes", 0, "") -> 0 | C28: =IF(AND($C$6="Yes",$F$6="Yes"), Inputs_Calcs!B262, "") -> 0 | D28: =IF($D$6="Yes", N(B28)*3.412 + N(C28)*100, "") -> 0 | E28: =IF(AND($E$6="Yes",$F$6="Yes"), Inputs_Calcs!B264, "") -> 0
A29: Pools — subtotal | B29: =IF(B26+B27+B28="",0,B26+B27+B28) -> 0 | C29: =IF(C26+C27+C28="",0,C26+C27+C28) -> 0 | D29: =IF(D26+D27+D28="",0,D26+D27+D28) -> 0 | E29: =IF(E26+E27+E28="",0,E26+E27+E28) -> 0
A30: Extra HPWH load | B30: 0
A31: Fire Pump | B31: =Inputs_Calcs!B205 -> 58.614286
A32: Booster Pumps | B32: =Inputs_Calcs!B213 -> 8760
A33: Recirc Pumps | B33: =Inputs_Calcs!B221 -> 4667.8286
A34: Water Softener | B34: =Inputs_Calcs!B229 -> 0
A35: Elevator Shaft RTU | B35: 0
A36: Starewell Freeze Protection | B36: 0
A37: Grand Total | B37: =B16+B13+B14+B22+B24+B11+B26+B27+B28+B17+B18+B19+B31+B32+B33+B34+B35+B36+B30 -> 140576.87 | C37: =C16+C13+C14+C22+C24+C11+C26+C27+C28+C17+C18+C19 -> 0 | D37: =D16+D13+D14+D22+D24+D11+D26+D27+D28+D17+D18+D19 -> 433632.55 | E37: =E16+E13+E14+E22+E24+E11+E26+E27+E28+E17+E18+E19 -> 27959.895
A38: Without EV | B38: =B37-B12 -> 124808.87
A40: Total (wth modeled) | B40: 564584
A41: Total (No EV) | B41: =B38+424107 -> 548915.87
A43: Reference / Source | C43: Notes
A44: CA Title 24, Part 6 (2022) — Table 140.6-C | C44: Used for interior common-area lighting power densities.
A45: Title 24 §130.2 (Outdoor Lighting Controls) | C45: Default assumptions for hours/control; user can override.
A46: Nonresidential Certificate of Compliance (Outdoor Lighting) | C46: Installed Watts pasted into Site Lighting.
A47: RE 623 Budget Worksheet (California DRE) | C47: Roll-up to 201 Electricity and 202 Gas for HOA budgets.
A48: PG&E / SCE / SDG&E official rate sheets 2025 | C48: Enter blended annual $/kWh, demand $/kW, fixed $/mo.
A50: Assumptions
A51: =Inputs_Calcs!G3 -> Electricity Rate ($/kWh) | C51: =Inputs_Calcs!H3 -> 0.22
A52: =Inputs_Calcs!J3 -> Gas Rate ($/therm) | C52: =Inputs_Calcs!K3 -> 1.5
A53: =Inputs_Calcs!A46 -> Rated kW per EV Port | C53: =Inputs_Calcs!B46 -> 7.2
A54: =Inputs_Calcs!A47 -> Avg Use per EV Port (hours/day) | C54: =Inputs_Calcs!B47 -> 6
A56: Basis of Calculations
A57: =Inputs_Calcs!A69 -> Pool Size (ft² surface area) | C57: =Inputs_Calcs!B69 -> 0
A58: =Inputs_Calcs!A61 -> Parking Garage Area (ft²) | C58: =Inputs_Calcs!B61 -> 0
A59: =Inputs_Calcs!A52 -> Hardscape / Parking Areas | C59: =Inputs_Calcs!B52 -> 400
A60: =Inputs_Calcs!A42 -> # of Elevators | C60: =Inputs_Calcs!B42 -> 1
A61: =Inputs_Calcs!A43 -> Total Parking Spaces | C61: =Inputs_Calcs!B43 -> 82
A62: =Inputs_Calcs!A44 -> % EV Charger Spaces of Total | C62: =Inputs_Calcs!B44 -> 10
A63: =Inputs_Calcs!A233 -> Total Conditioned Area (ft²) | C63: =Inputs_Calcs!B233 -> 4278.1
A64: Unconditioned Ventilated Area | C64: =Inputs_Calcs!B234-C58 -> 18226.64
